City_ID,City,Country,Date,Lat,Lng,Max Temp,Humidity,Cloudiness,Wind Speed
0,Hermanus,ZA,2020-07-11 21:35:10,-34.42,19.23,50.0,72,1,1.99
1,Aklavik,CA,2020-07-11 21:35:10,68.22,-135.01,57.2,50,40,5.82
2,Puerto Ayora,EC,2020-07-11 21:34:14,-0.74,-90.35,66.99,95,82,7.0
3,Muromtsevo,RU,2020-07-11 21:35:10,56.37,75.24,61.77,85,97,6.46
4,Kiruna,SE,2020-07-11 21:35:11,67.86,20.23,46.4,93,100,3.36
5,Hobart,AU,2020-07-11 21:31:54,-42.88,147.33,46.0,93,75,5.82
6,Thunder Bay,CA,2020-07-11 21:34:20,48.4,-89.32,73.4,56,75,10.29
7,Tuktoyaktuk,CA,2020-07-11 21:35:11,69.45,-133.04,48.2,76,20,9.17
8,Punta Arenas,CL,2020-07-11 21:35:01,-53.15,-70.92,35.6,69,40,10.29
9,New Norfolk,AU,2020-07-11 21:35:11,-42.78,147.06,45.0,92,50,1.28
10,Hithadhoo,MV,2020-07-11 21:34:16,-0.6,73.08,83.05,79,17,12.33
11,Malinalco,MX,2020-07-11 21:35:12,18.95,-99.5,80.6,54,75,3.36
12,Davila,PH,2020-07-11 21:35:12,18.47,120.58,82.67,73,20,3.27
13,Kirakira,SB,2020-07-11 21:35:12,-10.45,161.92,82.04,78,18,12.03
14,Cape Town,ZA,2020-07-11 21:35:12,-33.93,18.42,54.0,81,20,9.17
15,Namatanai,PG,2020-07-11 21:35:13,-3.67,152.43,81.34,80,52,6.76
16,Ilulissat,GL,2020-07-11 21:35:13,69.22,-51.1,48.2,61,75,6.93
17,Bandarbeyla,SO,2020-07-11 21:35:13,9.49,50.81,79.92,72,69,34.31
18,Sao Joao Da Barra,BR,2020-07-11 21:35:13,-21.64,-41.05,73.4,73,3,13.87
19,Kotma,IN,2020-07-11 21:35:13,23.2,81.97,76.82,83,85,4.68
20,Ushuaia,AR,2020-07-11 21:35:14,-54.8,-68.3,35.6,74,20,16.11
21,Tura,IN,2020-07-11 21:34:14,25.52,90.22,74.32,98,99,6.31
22,Hilo,US,2020-07-11 21:32:41,19.73,-155.09,82.4,54,1,5.82
23,Atuona,PF,2020-07-11 21:35:14,-9.8,-139.03,79.41,78,40,16.96
24,Maldonado,UY,2020-07-11 21:31:43,-34.67,-54.92,50.0,76,27,6.93
25,Busselton,AU,2020-07-11 21:35:15,-33.65,115.33,44.01,76,0,15.99
26,Aswan,EG,2020-07-11 21:35:15,24.09,32.91,89.31,20,0,15.46
27,Kapaa,US,2020-07-11 21:35:15,22.08,-159.32,81.0,88,90,19.46
28,Gafanha Da Encarnacao,PT,2020-07-11 21:35:15,40.62,-8.73,80.6,47,20,9.17
29,Kloulklubed,PW,2020-07-11 21:35:15,7.04,134.26,83.93,69,86,6.24
30,Saint George,US,2020-07-11 21:30:26,37.1,-113.58,107.6,12,1,18.34
31,Zambezi,ZM,2020-07-11 21:35:16,-13.54,23.1,59.97,34,0,6.38
32,Acarau,BR,2020-07-11 21:35:16,-2.89,-40.12,77.74,77,7,11.54
33,Waipawa,NZ,2020-07-11 21:35:16,-41.41,175.52,54.0,71,0,14.99
34,Wanning,CN,2020-07-11 21:35:16,18.8,110.4,81.72,88,82,12.5
35,Hubli,IN,2020-07-11 21:31:39,15.35,75.17,73.4,86,100,11.07
36,Antofagasta,CL,2020-07-11 21:35:17,-23.65,-70.4,59.0,67,18,10.29
37,Ayna,PE,2020-07-11 21:35:17,-12.65,-73.92,67.19,57,21,2.75
38,Souillac,MU,2020-07-11 21:35:17,-20.52,57.52,69.8,73,40,17.22
39,Adwa,ET,2020-07-11 21:35:17,14.16,38.9,66.83,77,12,1.7
40,Maumere,ID,2020-07-11 21:35:18,-8.62,122.21,78.48,79,79,9.17
41,Chuy,UY,2020-07-11 21:35:18,-33.7,-53.46,44.76,69,23,5.39
42,Verkhnevilyuysk,RU,2020-07-11 21:35:18,63.45,120.32,70.29,90,33,6.8
43,Dikson,RU,2020-07-11 21:35:18,73.51,80.55,41.88,99,100,14.97
44,Jamestown,US,2020-07-11 21:30:30,42.1,-79.24,69.01,93,90,14.99
45,Saint-Philippe,RE,2020-07-11 21:35:19,-21.36,55.77,68.0,82,45,4.7
46,Mar Del Plata,AR,2020-07-11 21:35:19,-38.0,-57.56,54.0,57,57,11.41
47,Qaanaaq,GL,2020-07-11 21:35:19,77.48,-69.36,46.38,57,17,2.66
48,Torbay,CA,2020-07-11 21:35:14,47.67,-52.73,68.0,68,90,10.29
49,Baykit,RU,2020-07-11 21:35:19,61.67,96.37,51.04,86,3,3.18
50,Cidreira,BR,2020-07-11 21:35:20,-30.18,-50.21,56.53,85,100,5.91
51,Nikolskoye,RU,2020-07-11 21:35:20,59.7,30.79,57.2,82,75,8.95
52,Rikitea,PF,2020-07-11 21:35:20,-23.12,-134.97,69.26,69,11,17.4
53,Georgetown,MY,2020-07-11 21:32:45,5.41,100.34,78.8,88,20,5.48
54,Lagoa,PT,2020-07-11 21:35:20,39.05,-27.98,69.46,85,40,13.87
55,Kavieng,PG,2020-07-11 21:35:21,-2.57,150.8,82.89,75,100,10.83
56,Grand-Lahou,CI,2020-07-11 21:35:21,5.14,-5.02,75.02,83,94,8.97
57,Garmisch-Partenkirchen,DE,2020-07-11 21:35:16,47.49,11.1,57.2,93,75,2.24
58,Eureka,US,2020-07-11 21:34:28,40.8,-124.16,70.0,24,18,5.99
59,Arawa,PG,2020-07-11 21:35:21,-6.21,155.54,83.26,67,89,3.69
60,Thinadhoo,MV,2020-07-11 21:35:22,0.53,72.93,83.89,75,8,10.78
61,Upernavik,GL,2020-07-11 21:35:22,72.79,-56.15,41.81,82,7,4.41
62,Terre-De-Bas,GP,2020-07-11 21:35:22,15.85,-61.64,86.0,70,20,11.41
63,Bredasdorp,ZA,2020-07-11 21:34:05,-34.53,20.04,46.4,81,0,3.36
64,Port-Cartier,CA,2020-07-11 21:35:22,50.03,-66.87,71.6,73,75,9.17
65,Iqaluit,CA,2020-07-11 21:35:23,63.75,-68.51,41.0,93,90,4.7
66,Florianopolis,BR,2020-07-11 21:33:34,-27.61,-48.5,64.99,93,75,4.7
67,Aden,YE,2020-07-11 21:35:24,12.78,45.04,87.89,73,92,5.39
68,Sitka,US,2020-07-11 21:35:24,57.05,-135.33,55.4,87,75,6.93
69,Mezen,RU,2020-07-11 21:35:24,65.85,44.24,54.95,97,100,10.11
70,Santa Cruz,BO,2020-07-11 21:32:06,-17.8,-63.17,78.8,69,75,16.11
71,Albany,US,2020-07-11 21:35:24,42.6,-73.97,89.6,52,75,16.11
72,Quatre Cocos,MU,2020-07-11 21:35:24,-20.21,57.76,71.01,73,40,17.22
73,Mataura,NZ,2020-07-11 21:35:25,-46.19,168.86,44.15,93,69,3.31
74,Lakselv,NO,2020-07-11 21:35:25,70.05,24.97,50.0,81,99,6.93
75,Butaritari,KI,2020-07-11 21:35:25,3.07,172.79,82.99,80,17,17.78
76,Villazon,BO,2020-07-11 21:35:25,-22.09,-65.59,45.43,38,0,3.6
77,Kodiak,US,2020-07-11 21:34:41,57.79,-152.41,62.6,63,1,5.82
78,Cherskiy,RU,2020-07-11 21:35:26,68.75,161.3,47.68,80,100,12.62
79,Hobyo,SO,2020-07-11 21:35:26,5.35,48.53,78.98,78,86,30.49
80,Martapura,ID,2020-07-11 21:35:26,-3.42,114.85,73.76,97,100,2.3
81,Victoria,HK,2020-07-11 21:33:00,22.29,114.16,82.99,81,70,11.77
82,Coahuayana,MX,2020-07-11 21:35:27,18.73,-103.68,84.2,74,90,6.49
83,San Cristobal,VE,2020-07-11 21:35:14,7.77,-72.22,86.0,51,40,24.16
84,Chardara,KZ,2020-07-11 21:35:27,41.25,67.97,77.9,44,95,7.16
85,Yellowknife,CA,2020-07-11 21:33:10,62.46,-114.35,75.0,56,75,8.05
86,Castro,BR,2020-07-11 21:35:28,-24.79,-50.01,58.73,86,0,5.77
87,Bubaque,GW,2020-07-11 21:35:28,11.28,-15.83,78.62,89,100,16.55
88,Falkenberg,SE,2020-07-11 21:35:28,56.91,12.49,57.2,67,0,14.99
89,Mayo,US,2020-07-11 21:35:28,38.89,-76.51,90.0,46,75,3.36
90,Port Elizabeth,ZA,2020-07-11 21:35:28,-33.92,25.57,50.0,66,6,9.17
91,Guerrero Negro,MX,2020-07-11 21:35:29,27.98,-114.06,89.87,28,0,16.71
92,Hay River,CA,2020-07-11 21:35:29,60.82,-115.8,75.2,47,75,12.75
93,Scottsbluff,US,2020-07-11 21:35:29,41.87,-103.67,91.0,25,1,4.7
94,Kushiro,JP,2020-07-11 21:35:29,42.98,144.37,60.17,92,100,8.57
95,Longyearbyen,SJ,2020-07-11 21:35:29,78.22,15.64,44.6,70,75,21.92
96,Bluff,NZ,2020-07-11 21:31:15,-46.6,168.33,49.64,76,99,19.82
97,Dingle,PH,2020-07-11 21:35:30,11.0,122.67,77.16,86,100,1.77
98,Pisco,PE,2020-07-11 21:35:30,-13.7,-76.22,63.0,77,40,9.17
99,Dembi Dolo,ET,2020-07-11 21:35:30,8.53,34.8,58.3,100,99,2.91
100,Broken Hill,AU,2020-07-11 21:35:30,-31.95,141.43,41.0,86,75,4.7
101,Kaniama,CD,2020-07-11 21:35:31,-7.57,24.18,71.28,56,23,2.51
102,Yomou,GN,2020-07-11 21:35:31,7.56,-9.27,69.35,98,100,2.44
103,Xai-Xai,MZ,2020-07-11 21:35:31,-25.05,33.64,66.33,53,5,13.42
104,Hazorasp,UZ,2020-07-11 21:35:31,41.32,61.07,77.0,50,0,4.7
105,Haifa,IL,2020-07-11 21:35:32,32.82,34.99,78.01,86,0,5.46
106,Tautira,PF,2020-07-11 21:35:32,-17.73,-149.15,84.2,51,20,19.46
107,Kavkazskiy,RU,2020-07-11 21:35:32,44.27,42.23,75.2,47,0,4.47
108,Porto Walter,BR,2020-07-11 21:35:32,-8.27,-72.74,81.32,65,92,1.52
109,Avera,US,2020-07-11 21:35:32,33.19,-82.53,95.0,49,1,4.7
110,Frontera,MX,2020-07-11 21:35:32,26.93,-101.45,106.0,15,20,4.7
111,Ekpoma,NG,2020-07-11 21:35:33,6.74,6.14,68.88,100,94,3.27
112,Hamilton,US,2020-07-11 21:35:33,39.18,-84.53,89.01,40,20,10.29
113,Yarega,RU,2020-07-11 21:35:33,63.44,53.58,61.11,61,100,4.07
114,Santa Isabel Do Rio Negro,BR,2020-07-11 21:35:33,-0.41,-65.02,81.3,80,72,0.74
115,Kaeo,NZ,2020-07-11 21:35:34,-35.1,173.78,48.99,3,16,3.0
116,Bethel,US,2020-07-11 21:35:34,41.37,-73.41,82.0,74,20,9.17
117,Barrow,US,2020-07-11 21:35:34,71.29,-156.79,35.6,80,90,8.05
118,Ahipara,NZ,2020-07-11 21:35:34,-35.17,173.17,55.63,73,37,4.92
119,Ribeira Grande,PT,2020-07-11 21:35:34,38.52,-28.7,71.6,83,20,11.41
120,Yatou,CN,2020-07-11 21:35:35,37.15,122.38,71.31,82,100,4.61
121,Mount Isa,AU,2020-07-11 21:30:37,-20.73,139.5,53.6,46,0,16.11
122,Henties Bay,NA,2020-07-11 21:35:35,-22.12,14.28,55.0,83,0,1.01
123,Aldan,RU,2020-07-11 21:35:35,58.6,125.39,74.1,58,0,5.88
124,Ribeira Brava,PT,2020-07-11 21:35:35,32.65,-17.07,70.0,80,0,4.0
125,Ouadda,CF,2020-07-11 21:35:36,8.08,22.4,68.29,94,100,1.05
126,Pangnirtung,CA,2020-07-11 21:35:36,66.15,-65.71,53.01,53,85,2.44
127,Kolosovka,RU,2020-07-11 21:35:36,56.47,73.61,63.05,96,70,7.38
128,Tiksi,RU,2020-07-11 21:35:36,71.69,128.87,49.23,72,100,7.23
129,Kamenka,RU,2020-07-11 21:35:37,51.32,42.77,61.0,75,0,3.0
130,Vaini,TO,2020-07-11 21:35:37,-21.2,-175.2,73.4,78,75,14.99
131,San Patricio,MX,2020-07-11 21:35:37,19.22,-104.7,86.0,74,90,5.82
132,Boa Vista,BR,2020-07-11 21:35:37,2.82,-60.67,80.6,83,40,4.7
133,Ilmajoki,FI,2020-07-11 21:35:37,62.73,22.57,51.01,100,96,3.67
134,Meulaboh,ID,2020-07-11 21:35:38,4.14,96.13,75.25,88,100,3.96
135,Mgachi,RU,2020-07-11 21:35:38,51.05,142.27,61.83,79,61,1.5
136,Linxia,CN,2020-07-11 21:35:38,35.6,103.21,50.68,80,0,1.72
137,Katsuura,JP,2020-07-11 21:35:38,35.13,140.3,78.01,93,100,3.0
138,Tateyama,JP,2020-07-11 21:35:39,34.98,139.87,79.0,100,100,1.99
139,Carnarvon,AU,2020-07-11 21:35:39,-24.87,113.63,55.4,32,0,11.41
140,Mehamn,NO,2020-07-11 21:35:39,71.04,27.85,46.83,85,100,4.21
141,Sa Kaeo,TH,2020-07-11 21:35:39,13.81,102.07,76.6,90,100,2.51
142,Biak,ID,2020-07-11 21:35:39,-0.91,122.88,75.81,81,77,6.29
143,Saldanha,ZA,2020-07-11 21:35:40,-33.01,17.94,46.4,81,25,2.24
144,Carballo,ES,2020-07-11 21:35:40,43.21,-8.69,68.0,72,0,9.17
145,Cayenne,GF,2020-07-11 21:33:53,4.93,-52.33,84.2,70,20,9.17
146,Avarua,CK,2020-07-11 21:35:40,-21.21,-159.78,77.0,78,96,8.05
147,Mont-Dore,NC,2020-07-11 21:35:41,-22.28,166.58,69.01,99,81,11.68
148,Makarska,HR,2020-07-11 21:35:41,43.3,17.02,80.6,39,0,6.93
149,Sao Filipe,CV,2020-07-11 21:35:41,14.9,-24.5,74.46,81,24,6.44
150,Isangel,VU,2020-07-11 21:35:41,-19.55,169.27,75.2,69,20,13.87
151,Port Alfred,ZA,2020-07-11 21:35:42,-33.59,26.89,52.0,78,42,5.01
152,Thompson,CA,2020-07-11 21:35:42,55.74,-97.86,62.6,72,90,3.36
153,Kidal,ML,2020-07-11 21:35:42,18.44,1.41,91.71,33,72,15.14
154,Morondava,MG,2020-07-11 21:35:42,-20.28,44.28,69.01,62,0,3.8
155,Soyo,AO,2020-07-11 21:35:42,-6.13,12.37,71.69,84,13,6.85
156,Kaitangata,NZ,2020-07-11 21:35:43,-46.28,169.85,48.99,74,74,4.0
157,Saint-Pierre,RE,2020-07-11 21:33:48,-21.34,55.48,66.2,82,27,4.7
158,Yabrud,SY,2020-07-11 21:35:43,33.97,36.66,71.6,73,0,20.8
159,Ponta Do Sol,PT,2020-07-11 21:35:43,32.67,-17.1,70.0,80,0,4.0
160,Ransang,PH,2020-07-11 21:35:43,8.96,117.58,78.75,74,100,2.53
161,Xining,CN,2020-07-11 21:35:43,36.62,101.77,48.83,80,1,1.86
162,Tucuman,AR,2020-07-11 21:35:44,-26.82,-65.22,64.4,45,0,3.36
163,North Platte,US,2020-07-11 21:32:55,41.12,-100.77,86.0,37,1,12.75
164,Raga,SS,2020-07-11 21:35:44,8.46,25.68,69.4,95,94,3.87
165,Berlevag,NO,2020-07-11 21:35:44,70.86,29.09,46.85,88,94,4.59
166,Tukrah,LY,2020-07-11 21:35:45,32.53,20.58,74.17,72,0,5.95
167,Vung Tau,VN,2020-07-11 21:35:45,10.35,107.08,80.69,81,100,4.76
168,Luderitz,NA,2020-07-11 21:35:45,-26.65,15.16,53.6,81,0,5.82
169,Leshukonskoye,RU,2020-07-11 21:35:45,64.9,45.76,56.68,96,100,8.3
170,Smithers,CA,2020-07-11 21:35:45,54.78,-127.17,59.0,62,75,13.87
171,Clyde River,CA,2020-07-11 21:32:44,70.47,-68.59,53.6,66,20,13.87
172,Ostrovnoy,RU,2020-07-11 21:35:46,68.05,39.51,52.27,81,46,5.73
173,Tabas,IR,2020-07-11 21:35:46,33.6,56.92,91.4,22,0,11.41
174,Genhe,CN,2020-07-11 21:35:47,50.78,121.52,66.92,67,12,0.98
175,Urbano Santos,BR,2020-07-11 21:35:47,-3.21,-43.4,76.19,83,6,2.26
176,Chokurdakh,RU,2020-07-11 21:35:47,70.63,147.92,58.12,58,74,7.72
177,Sitio Novo Do Tocantins,BR,2020-07-11 21:35:47,-5.52,-47.46,76.39,82,30,3.11
178,Kruisfontein,ZA,2020-07-11 21:35:47,-34.0,24.73,46.56,68,49,7.67
179,Nakhon Phanom,TH,2020-07-11 21:35:47,17.41,104.78,77.94,84,100,3.06
180,Touros,BR,2020-07-11 21:35:48,-5.2,-35.46,73.4,94,90,6.93
181,Lulea,SE,2020-07-11 21:35:48,65.58,22.15,57.2,82,44,4.7
182,Pasvalys,LT,2020-07-11 21:35:48,56.06,24.4,53.6,87,96,8.05
183,Gorey,IE,2020-07-11 21:35:48,52.67,-6.29,53.01,93,76,5.75
184,Paamiut,GL,2020-07-11 21:35:49,61.99,-49.67,44.6,86,0,2.35
185,Krasnodon,UA,2020-07-11 21:35:49,48.29,39.74,64.51,68,0,7.2
186,Port Lincoln,AU,2020-07-11 21:35:50,-34.73,135.87,52.02,82,10,10.76
187,Havelock,US,2020-07-11 21:35:50,34.88,-76.9,89.6,59,20,10.29
188,Shitanjing,CN,2020-07-11 21:35:50,39.23,106.34,69.35,45,100,1.34
189,Quirinopolis,BR,2020-07-11 21:35:51,-18.45,-50.45,75.18,38,1,4.81
190,Sarai Naurang,PK,2020-07-11 21:35:51,32.83,70.78,89.92,42,21,6.17
191,Ormara,PK,2020-07-11 21:35:51,25.21,64.64,84.51,81,100,15.21
192,Jalu,LY,2020-07-11 21:35:51,29.03,21.55,76.68,56,0,11.72
193,Okha,RU,2020-07-11 21:35:51,53.57,142.95,54.46,87,98,2.28
194,Bull Savanna,JM,2020-07-11 21:35:52,17.89,-77.59,81.86,72,73,10.47
195,Byron Bay,AU,2020-07-11 21:31:13,-28.65,153.62,60.01,93,78,5.75
196,Khatanga,RU,2020-07-11 21:35:52,71.97,102.5,51.49,79,77,16.02
197,Lompoc,US,2020-07-11 21:35:52,34.64,-120.46,78.01,60,0,11.41
198,Bundaberg,AU,2020-07-11 21:31:06,-24.85,152.35,60.01,100,90,3.22
199,Arraial Do Cabo,BR,2020-07-11 21:35:52,-22.97,-42.03,75.2,69,0,13.87
200,Misratah,LY,2020-07-11 21:33:55,32.38,15.09,76.24,78,0,7.45
201,Botou,CN,2020-07-11 21:35:53,38.07,116.57,71.24,87,100,8.25
202,Salalah,OM,2020-07-11 21:35:53,17.02,54.09,80.6,94,90,3.36
203,Bengkulu,ID,2020-07-11 21:35:53,-3.8,102.27,75.18,87,35,4.14
204,Tutoia,BR,2020-07-11 21:35:53,-2.76,-42.27,78.04,86,25,7.96
205,Frolovo,RU,2020-07-11 21:35:54,49.77,43.66,69.01,55,0,1.99
206,Shelburne,CA,2020-07-11 21:33:54,44.08,-80.2,69.8,94,90,8.05
207,Blue Springs,US,2020-07-11 21:35:54,39.02,-94.28,93.0,55,1,5.82
208,Taksimo,RU,2020-07-11 21:35:54,56.34,114.88,70.72,54,36,1.72
209,Tucurui,BR,2020-07-11 21:35:54,-3.77,-49.67,76.33,86,30,3.02
210,Athabasca,CA,2020-07-11 21:34:09,54.72,-113.29,74.68,57,44,7.83
211,Vestmanna,FO,2020-07-11 21:35:55,62.16,-7.17,50.0,100,90,6.93
212,Mahbubabad,IN,2020-07-11 21:35:55,17.62,80.02,78.93,83,100,3.24
213,Bonthe,SL,2020-07-11 21:35:55,7.53,-12.51,74.73,92,100,9.17
214,Raymondville,US,2020-07-11 21:35:55,26.48,-97.78,100.4,31,1,10.29
215,Batagay-Alyta,RU,2020-07-11 21:35:55,67.8,130.41,68.22,40,93,3.0
216,Mason City,US,2020-07-11 21:35:56,43.15,-93.2,82.99,82,90,13.87
217,Naze,JP,2020-07-11 21:35:56,28.37,129.48,80.6,94,78,2.24
218,Nsanje,MW,2020-07-11 21:35:56,-16.92,35.26,70.07,46,0,1.39
219,Matagami,CA,2020-07-11 21:32:29,49.75,-77.63,69.8,88,75,5.82
220,Abnub,EG,2020-07-11 21:35:56,27.27,31.15,84.2,39,0,8.05
221,Airai,TL,2020-07-11 21:35:57,-8.93,125.41,57.56,100,58,3.78
222,Rabo De Peixe,PT,2020-07-11 21:35:57,37.8,-25.58,69.8,68,40,4.7
223,Vestmannaeyjar,IS,2020-07-11 21:35:57,63.44,-20.27,52.09,88,100,10.47
224,Omboue,GA,2020-07-11 21:35:57,-1.57,9.26,73.36,91,16,7.49
225,Englewood,US,2020-07-11 21:32:12,39.65,-104.99,93.99,10,75,6.93
226,Baiyin,CN,2020-07-11 21:35:58,36.56,104.21,61.0,100,14,2.24
227,Codrington,AU,2020-07-11 21:35:58,-38.27,141.97,44.11,93,20,3.62
228,Norman Wells,CA,2020-07-11 21:35:58,65.28,-126.83,57.2,71,90,10.29
229,Magalia,US,2020-07-11 21:35:58,39.81,-121.58,100.99,16,5,11.41
230,Cabedelo,BR,2020-07-11 21:35:58,-6.98,-34.83,73.4,94,75,8.05
231,Tasiilaq,GL,2020-07-11 21:35:59,65.61,-37.64,46.4,70,53,16.11
232,Nantucket,US,2020-07-11 21:35:59,41.28,-70.1,77.0,94,90,9.17
233,Talnakh,RU,2020-07-11 21:35:59,69.49,88.4,48.2,93,90,11.18
234,East London,ZA,2020-07-11 21:35:59,-33.02,27.91,56.73,56,65,18.21
235,Yovon,TJ,2020-07-11 21:35:59,38.31,69.04,68.0,63,20,4.47
236,Pietermaritzburg,ZA,2020-07-11 21:36:00,-29.62,30.39,60.01,46,5,7.0
237,Portland,US,2020-07-11 21:35:54,45.52,-122.68,80.01,50,75,5.82
238,Archidona,ES,2020-07-11 21:36:00,37.1,-4.39,78.8,74,20,4.7
239,Ballina,AU,2020-07-11 21:36:00,-28.87,153.57,60.01,93,80,6.62
240,Alofi,NU,2020-07-11 21:36:01,-19.06,-169.92,75.2,94,91,14.99
241,Deputatskiy,RU,2020-07-11 21:36:01,69.3,139.9,65.7,48,72,3.67
242,Leningradskiy,RU,2020-07-11 21:36:01,69.38,178.42,46.31,62,0,15.73
243,Taretan,MX,2020-07-11 21:36:01,19.33,-101.92,78.8,57,90,9.17
244,Hualmay,PE,2020-07-11 21:36:01,-11.1,-77.61,63.39,72,3,8.55
245,Rongcheng,CN,2020-07-11 21:36:02,30.63,117.85,78.01,87,100,4.12
246,Tuatapere,NZ,2020-07-11 21:36:02,-46.13,167.68,46.69,86,66,7.07
247,Vir,HR,2020-07-11 21:36:02,44.3,15.09,77.0,50,62,3.36
248,Nokaneng,BW,2020-07-11 21:36:02,-19.67,22.27,47.19,50,0,7.56
249,Lyubinskiy,RU,2020-07-11 21:36:02,55.15,72.69,66.2,77,75,6.71
250,Ekhabi,RU,2020-07-11 21:36:03,53.51,142.97,54.91,86,99,2.48
251,Cabo San Lucas,MX,2020-07-11 21:36:03,22.89,-109.91,93.99,52,20,9.17
252,Samarai,PG,2020-07-11 21:36:03,-10.62,150.67,78.1,89,43,12.97
253,Bandar-E Anzali,IR,2020-07-11 21:36:03,37.47,49.46,75.38,67,53,2.95
254,Te Anau,NZ,2020-07-11 21:36:04,-45.42,167.72,46.33,83,100,3.31
255,Koforidua,GH,2020-07-11 21:36:04,6.09,-0.26,77.0,88,40,12.75
256,Aracoiaba,BR,2020-07-11 21:36:04,-4.37,-38.81,73.4,72,10,0.45
257,Porto Empedocle,IT,2020-07-11 21:36:04,37.29,13.53,73.0,39,0,4.0
258,Rauma,FI,2020-07-11 21:36:04,61.13,21.51,53.6,87,46,4.7
259,Weingarten,DE,2020-07-11 21:36:05,47.8,9.63,59.0,100,25,1.12
260,Ust-Nera,RU,2020-07-11 21:36:05,64.57,143.2,72.3,28,100,3.36
261,Myrtle Beach,US,2020-07-11 21:34:03,33.69,-78.89,90.0,74,40,11.41
262,Mount Gambier,AU,2020-07-11 21:36:05,-37.83,140.77,41.0,100,90,3.44
263,Mogzon,RU,2020-07-11 21:36:05,51.74,111.96,58.05,95,95,4.61
264,Cacador,BR,2020-07-11 21:35:19,-26.78,-51.02,58.32,93,22,3.42
265,Saskylakh,RU,2020-07-11 21:36:06,71.92,114.08,67.91,75,52,12.75
266,Iaciara,BR,2020-07-11 21:36:06,-14.1,-46.63,73.99,42,9,5.14
267,Bantogon,PH,2020-07-11 21:36:06,6.53,124.03,76.24,82,100,3.87
268,Srikakulam,IN,2020-07-11 21:36:07,18.3,83.9,82.94,82,100,5.21
269,Tarauaca,BR,2020-07-11 21:36:07,-8.16,-70.77,81.63,64,11,1.54
270,Bac Lieu,VN,2020-07-11 21:36:07,9.29,105.72,78.75,85,100,7.56
271,Malakal,SS,2020-07-11 21:36:07,9.53,31.66,78.53,76,99,5.08
272,Uusikaupunki,FI,2020-07-11 21:36:08,60.8,21.41,51.8,93,21,3.36
273,Tungawan,PH,2020-07-11 21:36:08,7.51,122.37,76.8,87,100,6.69
274,Houma,US,2020-07-11 21:32:11,29.6,-90.72,99.0,59,40,9.17
275,Goldap,PL,2020-07-11 21:36:08,54.31,22.3,50.58,92,100,3.6
276,Inta,RU,2020-07-11 21:36:08,66.03,60.17,51.84,84,0,6.53
277,Flinders,AU,2020-07-11 21:36:08,-34.58,150.86,48.99,92,67,1.01
278,Charters Towers,AU,2020-07-11 21:36:09,-20.1,146.27,62.94,86,41,2.77
279,Rivera,UY,2020-07-11 21:36:09,-30.91,-55.55,52.18,70,95,7.99
280,Ancud,CL,2020-07-11 21:36:09,-41.87,-73.82,43.0,80,75,10.29
281,Husavik,IS,2020-07-11 21:36:09,66.04,-17.34,53.6,71,90,6.93
282,Provideniya,RU,2020-07-11 21:36:09,64.38,-173.3,56.43,49,0,2.46
283,Kawai,JP,2020-07-11 21:36:10,34.23,135.85,75.2,83,75,2.24
284,Kuchinarai,TH,2020-07-11 21:36:10,16.54,104.05,82.99,99,100,3.8
285,Ponta Delgada,PT,2020-07-11 21:32:26,37.73,-25.67,69.8,68,40,4.7
286,Santa Maria,BR,2020-07-11 21:36:10,-29.68,-53.81,60.8,82,100,8.05
287,Suffolk,US,2020-07-11 21:36:10,40.87,-72.8,77.0,88,90,13.87
288,Mersing,MY,2020-07-11 21:36:10,2.43,103.84,73.4,100,68,4.7
289,Tual,ID,2020-07-11 21:36:11,-5.67,132.75,79.48,83,84,19.93
290,Karatuzskoye,RU,2020-07-11 21:36:11,53.61,92.87,51.44,92,23,1.43
291,Monte Alegre,BR,2020-07-11 21:36:11,-2.01,-54.07,79.88,78,10,3.8
292,Westport,US,2020-07-11 21:36:02,41.14,-73.36,81.0,74,1,9.17
293,Djibo,BF,2020-07-11 21:36:12,14.1,-1.63,86.56,51,49,9.44
294,Coihaique,CL,2020-07-11 21:36:12,-45.58,-72.07,33.8,74,40,5.5
295,Santana Do Livramento,BR,2020-07-11 21:34:07,-30.89,-55.53,52.32,70,96,8.14
296,Santo Domingo,DO,2020-07-11 21:36:12,18.5,-69.99,89.6,62,20,11.41
297,Santo Antonio Do Ica,BR,2020-07-11 21:36:12,-3.1,-67.94,79.59,92,71,1.21
298,Minab,IR,2020-07-11 21:36:12,27.15,57.08,91.4,79,20,4.7
299,Dwarka,IN,2020-07-11 21:36:13,22.24,68.97,84.34,81,97,18.79
300,Andenes,NO,2020-07-11 21:36:13,69.31,16.12,53.6,81,44,4.7
301,Kuusamo,FI,2020-07-11 21:36:13,65.97,29.18,53.6,81,46,6.93
302,Asau,RO,2020-07-11 21:36:13,46.43,26.4,61.0,87,0,4.16
303,Mahebourg,MU,2020-07-11 21:36:13,-20.41,57.7,69.8,73,40,17.22
304,Dali,CN,2020-07-11 21:36:14,25.7,100.18,62.51,86,100,3.69
305,Brigantine,US,2020-07-11 21:36:14,39.41,-74.36,84.2,74,75,11.41
306,Lasa,IT,2020-07-11 21:36:14,46.62,10.7,53.6,81,20,4.7
307,Ivolginsk,RU,2020-07-11 21:36:14,51.75,107.28,60.8,100,20,2.24
308,Baisoara,RO,2020-07-11 21:36:14,46.58,23.47,71.6,73,7,1.12
309,Saint Anthony,US,2020-07-11 21:36:15,45.02,-93.22,82.99,45,1,3.36
310,Carutapera,BR,2020-07-11 21:36:15,-1.2,-46.02,78.06,83,60,7.49
311,Gat,IL,2020-07-11 21:36:15,31.61,34.76,80.01,72,0,0.49
312,Merauke,ID,2020-07-11 21:36:15,-8.47,140.33,77.0,84,100,13.0
313,Skoghall,SE,2020-07-11 21:36:15,59.32,13.47,54.0,100,5,4.7
314,Oxapampa,PE,2020-07-11 21:36:15,-10.58,-75.4,64.72,82,81,1.88
315,Pemangkat,ID,2020-07-11 21:36:16,1.17,108.97,75.4,90,36,5.1
316,Lorengau,PG,2020-07-11 21:36:16,-2.02,147.27,82.8,76,88,4.83
317,Harper,LR,2020-07-11 21:36:16,4.38,-7.72,75.4,76,100,8.37
318,Itarema,BR,2020-07-11 21:36:17,-2.92,-39.92,77.59,77,1,10.76
319,Bogotol,RU,2020-07-11 21:36:17,56.21,89.53,49.71,90,0,4.29
320,Chicama,PE,2020-07-11 21:36:17,-7.84,-79.15,67.95,65,27,8.88
321,Rehoboth,NA,2020-07-11 21:36:17,-23.32,17.08,38.88,63,0,7.31
322,Lahat,ID,2020-07-11 21:36:18,-3.8,103.53,70.65,92,44,2.1
323,Boshnyakovo,RU,2020-07-11 21:36:18,49.63,142.17,56.35,93,92,1.43
324,Basco,PH,2020-07-11 21:36:18,20.45,121.97,85.15,66,6,4.45
325,Acapulco,MX,2020-07-11 21:35:18,16.86,-99.89,84.2,79,75,9.17
326,Bourail,NC,2020-07-11 21:36:19,-21.57,165.48,69.42,66,13,5.03
327,Kawalu,ID,2020-07-11 21:36:19,-7.38,108.21,71.42,93,98,2.21
328,Poum,NC,2020-07-11 21:36:19,-20.23,164.02,71.56,75,2,14.67
329,Sao Gabriel Da Cachoeira,BR,2020-07-11 21:36:19,-0.13,-67.09,77.23,94,100,1.05
330,Coquimbo,CL,2020-07-11 21:36:20,-29.95,-71.34,55.4,87,13,10.29
331,Huarmey,PE,2020-07-11 21:36:20,-10.07,-78.15,64.96,70,1,9.35
332,Borazjan,IR,2020-07-11 21:36:20,29.27,51.22,87.8,55,0,4.7
333,Road Town,VG,2020-07-11 21:36:20,18.42,-64.62,89.6,70,40,10.29
334,Phonhong,LA,2020-07-11 21:36:20,18.5,102.42,76.89,91,100,0.89
335,Challans,FR,2020-07-11 21:35:15,46.84,-1.87,68.0,42,0,6.93
336,Camacha,PT,2020-07-11 21:33:32,33.08,-16.33,69.8,77,40,12.75
337,Port Hueneme,US,2020-07-11 21:36:21,34.15,-119.2,87.01,73,20,10.29
338,Porbandar,IN,2020-07-11 21:36:21,21.64,69.61,83.86,81,88,17.43
339,Itum-Kale,RU,2020-07-11 21:36:21,42.74,45.58,61.68,68,91,5.28
340,Wencheng,CN,2020-07-11 21:36:21,33.06,113.8,67.82,93,100,12.44
341,Buraydah,SA,2020-07-11 21:36:22,26.33,43.98,93.2,26,20,4.7
342,Altay,CN,2020-07-11 21:36:22,47.87,88.12,56.34,71,14,0.96
343,Marawi,PH,2020-07-11 21:36:22,8.0,124.29,73.99,94,100,4.0
344,Batagay,RU,2020-07-11 21:36:22,67.63,134.63,74.41,32,72,4.9
345,Badarpur,IN,2020-07-11 21:36:23,24.9,92.6,76.84,95,100,2.04
346,Kuala Terengganu,MY,2020-07-11 21:35:03,5.33,103.14,77.0,100,20,3.36
347,Shimoda,JP,2020-07-11 21:36:23,34.67,138.95,73.0,89,100,1.99
348,Nelson Bay,AU,2020-07-11 21:36:24,-32.72,152.15,51.01,100,82,8.05
349,Umea,SE,2020-07-11 21:36:24,63.83,20.26,55.0,100,33,4.14
350,Tahta,EG,2020-07-11 21:36:24,26.77,31.5,84.2,39,0,8.05
351,Pimentel,PE,2020-07-11 21:36:24,-6.84,-79.93,69.8,60,1,19.46
352,Buala,SB,2020-07-11 21:36:24,-8.14,159.59,82.09,76,80,6.98
353,Kathu,TH,2020-07-11 21:36:25,7.92,98.33,84.0,100,75,1.12
354,Nadym,RU,2020-07-11 21:36:25,65.53,72.52,55.15,62,100,9.28
355,Komsomolskiy,UZ,2020-07-11 21:36:25,40.43,71.72,75.2,47,19,4.7
356,Dengzhou,CN,2020-07-11 21:36:26,37.81,120.75,72.28,82,100,5.08
357,Mundo Nuevo,MX,2020-07-11 21:36:26,18.7,-95.5,83.46,80,98,14.45
358,Severo-Kurilsk,RU,2020-07-11 21:36:26,50.68,156.12,51.35,91,100,5.44
359,Solnechnyy,RU,2020-07-11 21:36:26,50.72,136.63,64.38,79,75,3.85
360,Umm Kaddadah,SD,2020-07-11 21:36:26,13.6,26.69,85.75,44,26,5.28
361,Haines Junction,CA,2020-07-11 21:36:27,60.75,-137.51,60.12,46,100,7.07
362,Trairi,BR,2020-07-11 21:36:27,-3.28,-39.27,76.37,77,3,6.93
363,Tigil,RU,2020-07-11 21:36:27,57.8,158.67,64.98,73,93,2.37
364,Puerto Carreno,CO,2020-07-11 21:36:27,6.19,-67.49,78.8,83,75,6.93
365,Waingapu,ID,2020-07-11 21:36:28,-9.66,120.26,72.82,76,85,8.14
366,Pampa,US,2020-07-11 21:36:28,35.54,-100.96,109.4,13,1,23.04
367,Tsiroanomandidy,MG,2020-07-11 21:36:28,-18.77,46.03,58.17,65,0,4.88
368,Yulara,AU,2020-07-11 21:36:28,-25.24,130.99,33.8,74,0,8.05
369,Dunedin,NZ,2020-07-11 21:36:28,-45.87,170.5,48.0,87,100,5.5
370,Emba,KZ,2020-07-11 21:36:29,48.83,58.14,86.67,30,79,5.88
371,Esperance,AU,2020-07-11 21:36:29,-33.87,121.9,41.0,93,0,10.29
372,Chany,RU,2020-07-11 21:36:29,55.31,76.76,59.88,91,5,6.46
373,Umm Lajj,SA,2020-07-11 21:36:29,25.02,37.27,82.69,61,0,3.49
374,Esmeraldas,BR,2020-07-11 21:34:31,-19.76,-44.31,77.0,43,0,3.36
375,Massakory,TD,2020-07-11 21:36:30,13.0,15.73,82.27,55,35,7.74
376,Naryan-Mar,RU,2020-07-11 21:36:30,67.67,53.09,50.32,83,0,4.41
377,Kifri,IQ,2020-07-11 21:36:31,34.7,44.97,90.07,14,0,11.97
378,Valdez,EC,2020-07-11 21:36:31,1.25,-78.98,78.04,82,69,11.77
379,Mount Hagen,PG,2020-07-11 21:36:31,-5.86,144.23,60.85,88,100,0.87
380,Bilibino,RU,2020-07-11 21:36:31,68.05,166.44,58.21,88,100,2.28
381,Hammerfest,NO,2020-07-11 21:36:31,70.66,23.68,55.4,62,99,5.82
382,Roald,NO,2020-07-11 21:35:55,62.58,6.13,50.0,87,91,17.22
383,Gazalkent,UZ,2020-07-11 21:36:32,41.56,69.77,73.4,56,97,4.7
384,San Luis,AR,2020-07-11 21:34:16,-33.3,-66.34,52.05,49,22,7.99
385,Nanortalik,GL,2020-07-11 21:36:32,60.14,-45.24,43.3,92,51,10.78
386,Buchanan,LR,2020-07-11 21:36:33,5.88,-10.05,75.2,80,64,8.25
387,Sorong,ID,2020-07-11 21:36:33,-0.88,131.25,79.07,81,100,5.97
388,Beringovskiy,RU,2020-07-11 21:36:33,63.05,179.32,48.94,85,100,3.44
389,Sibolga,ID,2020-07-11 21:36:33,1.74,98.78,75.15,85,100,1.95
390,Nabire,ID,2020-07-11 21:36:33,-3.37,135.48,74.62,93,100,2.48
391,Tabou,CI,2020-07-11 21:36:34,4.42,-7.35,75.33,77,100,8.43
392,Atambua,ID,2020-07-11 21:36:34,-9.11,124.89,70.07,88,61,5.93
393,Stornoway,GB,2020-07-11 21:36:34,58.21,-6.39,54.0,81,97,13.87
394,Vysokogornyy,RU,2020-07-11 21:36:34,50.12,139.15,61.12,74,26,2.08
395,Lodja,CD,2020-07-11 21:36:34,-3.48,23.43,74.59,79,74,2.17
396,Posse,BR,2020-07-11 21:36:35,-14.09,-46.37,70.77,45,6,6.69
397,Hoopstad,ZA,2020-07-11 21:36:35,-27.83,25.91,36.46,77,0,5.26
398,Kushima,JP,2020-07-11 21:36:35,31.46,131.23,77.0,100,75,3.36
399,Todos Santos,MX,2020-07-11 21:36:36,23.45,-110.22,82.99,80,0,3.0
400,Knysna,ZA,2020-07-11 21:36:36,-34.04,23.05,42.8,75,8,3.36
401,Suntar,RU,2020-07-11 21:36:36,62.14,117.63,68.34,90,8,7.14
402,Fortuna,US,2020-07-11 21:36:36,40.6,-124.16,69.01,72,90,10.29
403,Dicabisagan,PH,2020-07-11 21:36:37,17.08,122.42,79.66,78,33,4.34
404,Esfarayen,IR,2020-07-11 21:36:37,37.08,57.51,73.4,49,0,6.93
405,Kovur,IN,2020-07-11 21:36:37,14.48,79.98,84.18,68,98,6.82
406,North Bend,US,2020-07-11 21:36:37,43.41,-124.22,71.01,56,40,13.87
407,Greenville,US,2020-07-11 21:36:18,35.61,-77.37,93.2,52,40,8.05
408,Creel,MX,2020-07-11 21:36:38,27.75,-107.63,75.07,41,90,6.64
409,Vardo,NO,2020-07-11 21:36:38,70.37,31.11,47.32,89,24,12.41
410,Port Hardy,CA,2020-07-11 21:36:38,50.7,-127.42,57.2,93,75,8.05
411,Paungde,MM,2020-07-11 21:36:38,18.48,95.5,77.41,93,100,4.85
412,Moose Factory,CA,2020-07-11 21:36:38,51.26,-80.61,60.8,93,90,6.93
413,Sabha,LY,2020-07-11 21:36:39,27.04,14.43,86.63,17,20,8.23
414,Nurota,UZ,2020-07-11 21:36:39,40.56,65.69,73.4,60,25,6.93
415,The Valley,AI,2020-07-11 21:34:47,18.22,-63.06,82.99,78,40,13.87
416,Sao Leopoldo,BR,2020-07-11 21:33:17,-29.76,-51.15,59.0,87,90,5.82
417,Obo,CF,2020-07-11 21:36:39,5.4,26.49,67.93,95,95,3.69
418,Acajutla,SV,2020-07-11 21:36:40,13.59,-89.83,84.0,53,33,5.99
419,Kokstad,ZA,2020-07-11 21:36:40,-30.55,29.42,37.09,81,49,11.95
420,Lavrentiya,RU,2020-07-11 21:36:40,65.58,-171.0,56.25,48,16,6.2
421,Bud,US,2020-07-11 21:36:40,39.45,-86.18,84.2,54,90,10.29
422,Kokopo,PG,2020-07-11 21:36:40,-4.35,152.26,80.29,79,79,8.84
423,Kushmurun,KZ,2020-07-11 21:36:41,52.45,64.63,70.75,82,96,4.68
424,Salihorsk,BY,2020-07-11 21:36:41,52.79,27.54,59.49,79,100,13.13
425,Celestun,MX,2020-07-11 21:36:41,20.87,-90.4,85.44,71,97,16.49
426,Dedza,MW,2020-07-11 21:36:41,-14.38,34.33,56.34,57,0,0.67
427,Ahvaz,IR,2020-07-11 21:33:56,31.32,48.67,100.4,21,4,6.93
428,Vieste,IT,2020-07-11 21:36:41,41.88,16.18,77.0,65,5,1.12
429,Banjar,ID,2020-07-11 21:36:42,-8.19,114.97,78.8,100,40,16.11
430,Machali,CL,2020-07-11 21:36:42,-34.18,-70.67,50.0,87,90,5.82
431,Bilma,NE,2020-07-11 21:36:42,18.69,12.92,91.24,30,73,13.22
432,Cobourg,DE,2020-07-11 21:36:43,50.27,10.97,55.99,64,2,3.51
433,Kupang,ID,2020-07-11 21:36:43,-10.17,123.58,75.2,78,20,8.05
434,Mackay,AU,2020-07-11 21:36:43,-21.15,149.2,57.2,100,6,3.36
435,Isla Mujeres,MX,2020-07-11 21:36:43,21.23,-86.73,87.8,62,40,9.17
436,Iwanai,JP,2020-07-11 21:36:43,42.97,140.51,68.27,77,98,1.52
437,Pavlohrad,UA,2020-07-11 21:36:43,48.52,35.87,68.0,56,0,6.71
438,Biltine,TD,2020-07-11 21:36:44,14.53,20.92,83.44,51,33,2.89
439,Mogilno,PL,2020-07-11 21:36:44,52.66,17.96,55.0,77,82,6.08
440,Spencer,US,2020-07-11 21:36:44,43.14,-95.14,81.0,61,75,8.05
441,Christchurch,NZ,2020-07-11 21:33:41,-43.53,172.63,46.4,75,100,8.05
442,Kondinskoye,RU,2020-07-11 21:36:45,59.65,67.41,62.71,66,19,10.36
443,Itacurubi Del Rosario,PY,2020-07-11 21:36:45,-24.5,-56.68,75.4,62,24,3.58
444,Berea,US,2020-07-11 21:35:26,41.37,-81.85,82.4,48,40,16.11
445,Uvinza,TZ,2020-07-11 21:36:45,-5.1,30.39,70.74,65,82,1.39
446,Vostok,RU,2020-07-11 21:36:46,46.49,135.88,61.25,83,63,1.79
447,Atherton,GB,2020-07-11 21:36:46,53.52,-2.49,53.01,71,0,3.42
448,La Rioja,ES,2020-07-11 21:36:46,42.25,-2.5,71.6,64,2,1.12
449,Papar,MY,2020-07-11 21:36:46,5.73,115.93,75.2,94,20,4.7
450,Launceston,AU,2020-07-11 21:36:46,-41.45,147.17,41.0,93,90,8.05
451,Mahon,ES,2020-07-11 21:36:47,39.89,4.27,73.4,73,0,8.05
452,Canon City,US,2020-07-11 21:36:47,38.44,-105.24,98.6,11,1,14.99
453,Srednekolymsk,RU,2020-07-11 21:36:47,67.45,153.68,65.32,57,0,6.64
454,Faanui,PF,2020-07-11 21:36:47,-16.48,-151.75,78.28,76,23,17.9
455,Novikovo,RU,2020-07-11 21:36:47,51.15,37.89,60.67,66,0,2.55
456,Ribas Do Rio Pardo,BR,2020-07-11 21:36:48,-20.44,-53.76,74.68,38,41,4.81
457,Lebu,CL,2020-07-11 21:36:48,-37.62,-73.65,50.25,81,91,10.8
458,Rawson,AR,2020-07-11 21:36:44,-43.3,-65.1,43.29,59,3,23.87
459,Ginda,IN,2020-07-11 21:36:48,30.69,78.49,63.41,85,56,1.14
460,Voznesenye,RU,2020-07-11 21:36:49,61.01,35.48,57.96,69,26,18.45
461,Nouadhibou,MR,2020-07-11 21:36:49,20.93,-17.03,69.8,83,0,16.11
462,Kailua,US,2020-07-11 21:33:47,21.4,-157.74,86.0,69,75,14.99
463,Redcliffe,AU,2020-07-11 21:36:49,-27.23,153.1,55.99,100,56,4.45
464,Narasaraopet,IN,2020-07-11 21:36:49,16.25,80.07,84.27,70,100,5.08
465,Ambanja,MG,2020-07-11 21:36:50,-13.68,48.45,69.35,79,31,3.36
466,Narsaq,GL,2020-07-11 21:36:50,60.92,-46.05,55.4,76,23,9.17
467,Kiama,AU,2020-07-11 21:36:50,-34.68,150.87,48.99,85,72,5.97
468,Akyab,MM,2020-07-11 21:36:50,20.15,92.9,82.53,86,100,9.78
469,Kosa,RU,2020-07-11 21:36:51,59.94,55.0,56.93,80,9,4.25
470,Hohhot,CN,2020-07-11 21:36:51,40.81,111.65,62.6,93,40,2.24
471,Kudahuvadhoo,MV,2020-07-11 21:36:51,2.67,72.89,83.48,76,74,8.88
472,Salinopolis,BR,2020-07-11 21:36:52,-0.61,-47.36,80.24,81,66,12.06
473,Shieli,KZ,2020-07-11 21:36:52,44.17,66.75,79.79,26,0,13.62
474,Hellin,ES,2020-07-11 21:36:52,38.51,-1.7,75.2,50,0,9.17
475,Mandalgovi,MN,2020-07-11 21:36:52,45.76,106.27,62.89,55,75,13.0
476,Ulladulla,AU,2020-07-11 21:36:52,-35.35,150.47,46.99,93,79,9.17
477,Ashqelon,IL,2020-07-11 21:36:53,31.67,34.57,80.01,72,0,3.49
478,Lata,PT,2020-07-11 21:36:53,40.16,-8.33,73.0,82,20,4.7
479,Kemin,KG,2020-07-11 21:36:53,42.78,75.69,61.93,47,3,3.0
480,Richards Bay,ZA,2020-07-11 21:36:53,-28.78,32.04,62.4,61,33,21.59
481,Taoudenni,ML,2020-07-11 21:36:55,22.68,-3.98,92.07,39,99,13.33
482,Kathmandu,NP,2020-07-11 21:34:44,27.72,85.32,71.6,100,75,2.24
483,Conakry,GN,2020-07-11 21:36:55,9.54,-13.68,75.2,100,90,9.17
484,Stonewall,CA,2020-07-11 21:36:55,50.13,-97.33,78.8,50,20,6.93
485,Kenai,US,2020-07-11 21:33:26,60.55,-151.26,61.0,77,90,11.41
486,Cockburn Town,TC,2020-07-11 21:36:56,21.46,-71.14,87.8,62,40,11.41
487,Morgan City,US,2020-07-11 21:36:56,29.7,-91.21,95.0,63,75,6.93
488,Kantang,TH,2020-07-11 21:36:56,7.41,99.52,76.66,88,81,0.54
489,Lusambo,CD,2020-07-11 21:36:56,-4.97,23.45,79.23,51,67,0.87
490,The Pas,CA,2020-07-11 21:36:56,53.83,-101.25,68.0,77,90,8.05
491,Chalisgaon,IN,2020-07-11 21:36:56,20.47,75.02,79.86,75,42,13.11
492,Kasongo-Lunda,CD,2020-07-11 21:36:57,-6.47,16.82,82.13,37,91,1.66
493,Bowen,AU,2020-07-11 21:36:57,-20.02,148.23,64.99,100,90,5.75
494,Karratha,AU,2020-07-11 21:35:40,-20.74,116.85,61.5,32,0,19.82
495,Grindavik,IS,2020-07-11 21:36:57,63.84,-22.43,50.0,100,90,12.75
496,Jinchang,CN,2020-07-11 21:36:57,38.5,102.17,63.84,58,0,7.58
497,Papara,BR,2020-07-11 21:36:58,-3.98,-38.73,80.6,69,29,12.75
498,Tubbergen,NL,2020-07-11 21:36:58,52.4,6.77,55.99,75,0,3.47
499,Kahului,US,2020-07-11 21:33:00,20.89,-156.47,89.6,40,20,24.16
500,Gornopravdinsk,RU,2020-07-11 21:36:58,60.05,69.9,61.56,80,4,10.8
501,Tessalit,ML,2020-07-11 21:36:59,20.2,1.01,86.85,37,98,14.05
502,Mattru,SL,2020-07-11 21:36:59,7.62,-11.83,72.75,97,100,2.62
503,Palang,BD,2020-07-11 21:36:59,23.22,90.35,82.4,83,75,5.82
504,Vila,PT,2020-07-11 21:36:59,42.03,-8.16,78.8,61,1,6.93
505,Kostomuksha,RU,2020-07-11 21:36:59,64.57,30.58,50.02,87,100,5.86
506,Juneau,US,2020-07-11 21:37:00,58.3,-134.42,57.2,82,90,8.05
507,Conceicao Da Barra,BR,2020-07-11 21:37:00,-18.59,-39.73,69.08,91,1,3.09
508,Praia Da Vitoria,PT,2020-07-11 21:37:00,38.73,-27.07,71.6,73,40,10.85
509,Tafresh,IR,2020-07-11 21:37:00,34.69,50.01,71.74,33,69,16.15
510,Goderich,CA,2020-07-11 21:37:00,43.75,-81.72,75.99,73,100,14.79
511,Ziro,IN,2020-07-11 21:37:01,27.63,93.83,59.76,100,100,1.3
512,Lufilufi,WS,2020-07-11 21:37:01,-13.87,-171.6,82.29,78,6,12.06
513,Twentynine Palms,US,2020-07-11 21:37:01,34.14,-116.05,102.99,16,21,1.99
514,Diu,IN,2020-07-11 21:37:01,20.71,70.98,83.37,82,71,15.46
515,Grande Riviere Du Nord,HT,2020-07-11 21:37:01,19.58,-72.18,81.82,76,87,8.46
516,Maceio,BR,2020-07-11 21:35:46,-9.67,-35.74,73.4,88,90,5.82
517,Yar-Sale,RU,2020-07-11 21:37:02,66.83,70.83,53.83,64,100,5.19
518,Bathsheba,BB,2020-07-11 21:37:02,13.22,-59.52,84.2,74,40,17.22
519,Venice,US,2020-07-11 21:37:02,27.1,-82.45,89.01,70,1,10.29
520,Beidao,CN,2020-07-11 21:37:02,34.57,105.89,62.76,84,63,2.21
521,Baruun-Urt,MN,2020-07-11 21:37:03,46.68,113.28,65.12,62,0,2.89
522,Mathbaria,BD,2020-07-11 21:37:03,22.29,89.96,80.94,89,91,7.52
523,Katangli,RU,2020-07-11 21:37:03,51.71,143.23,53.01,91,100,4.7
524,Bambanglipuro,ID,2020-07-11 21:37:03,-7.95,110.28,75.69,87,82,6.13
525,Port Hedland,AU,2020-07-11 21:37:03,-20.32,118.57,59.0,26,0,9.17
526,Sao Geraldo Do Araguaia,BR,2020-07-11 21:37:03,-6.4,-48.55,79.12,68,98,0.63
527,Srandakan,ID,2020-07-11 21:37:04,-7.94,110.25,75.79,87,84,5.91
528,Nassau,US,2020-07-11 21:36:43,40.75,-73.58,82.99,74,1,14.99
529,Margate,GB,2020-07-11 21:37:04,51.38,1.39,59.0,71,26,5.46
530,Tyrma,RU,2020-07-11 21:37:04,50.08,132.17,65.82,89,40,1.83
531,Oktyabrskiy,RU,2020-07-11 21:37:04,54.48,53.47,62.42,92,3,5.57
532,Paciran,ID,2020-07-11 21:37:05,-6.88,112.38,75.51,86,76,7.38
533,Los Llanos De Aridane,ES,2020-07-11 21:37:05,28.66,-17.92,71.6,78,8,17.22
534,Sosnovo-Ozerskoye,RU,2020-07-11 21:37:05,52.52,111.54,58.08,95,92,7.47
535,Tilichiki,RU,2020-07-11 21:37:05,60.47,166.1,52.29,89,99,4.9
536,Hofn,IS,2020-07-11 21:37:05,64.25,-15.21,52.77,80,26,3.71
537,Walvis Bay,NA,2020-07-11 21:37:05,-22.96,14.51,55.0,87,0,8.05
538,Vaitape,PF,2020-07-11 21:37:06,-16.52,-151.75,79.11,74,23,17.69
539,Zhangjiakou,CN,2020-07-11 21:37:06,40.81,114.88,69.69,77,100,2.53
540,Kununurra,AU,2020-07-11 21:37:06,-15.77,128.73,62.6,27,40,4.7
541,Birao,CF,2020-07-11 21:37:06,10.28,22.79,72.84,88,82,3.56
542,Bredy,RU,2020-07-11 21:37:07,52.42,60.34,67.28,82,29,4.41
543,Labuhan,ID,2020-07-11 21:37:07,-6.88,112.21,75.63,86,84,7.94
544,Alto Araguaia,BR,2020-07-11 21:37:07,-17.31,-53.22,71.46,42,1,2.04
545,Champerico,GT,2020-07-11 21:37:07,14.3,-91.92,82.4,88,75,6.93
546,Alice Springs,AU,2020-07-11 21:32:56,-23.7,133.88,37.4,69,0,5.82
547,Karatau,KZ,2020-07-11 21:37:07,43.17,70.47,71.28,45,0,2.24
548,Hasaki,JP,2020-07-11 21:37:08,35.73,140.83,79.0,88,75,6.93
549,Noumea,NC,2020-07-11 21:37:08,-22.28,166.46,69.01,88,90,1.12
550,Chapais,CA,2020-07-11 21:37:08,49.78,-74.85,71.6,94,90,8.05
551,Sabzevar,IR,2020-07-11 21:37:08,36.21,57.68,74.1,32,0,11.86
552,Bosilegrad,RS,2020-07-11 21:37:08,42.5,22.47,62.83,62,0,3.27
553,Viseu,PT,2020-07-11 21:37:09,40.66,-7.91,73.0,53,98,14.0
554,Zhezkazgan,KZ,2020-07-11 21:37:09,47.8,67.71,71.73,44,0,9.06
555,Phangnga,TH,2020-07-11 21:37:09,8.45,98.53,75.2,100,75,1.12
556,Colares,PT,2020-07-11 21:37:09,38.8,-9.45,71.01,72,20,17.22
557,Namibe,AO,2020-07-11 21:37:09,-15.2,12.15,64.99,58,0,9.06
558,Baran,IN,2020-07-11 21:37:10,25.1,76.52,84.27,73,99,13.47
559,Kumluca,TR,2020-07-11 21:37:10,36.37,30.29,83.89,43,0,1.9
560,Miri,MY,2020-07-11 21:37:10,4.41,114.01,75.2,94,20,3.36
